ID,Value
HAD1,[[ग्रेटार\N_NNP नयडा\N_NNP]]_NP [[वेस्टनि\N_NNP खस्थवा\V_VM]]_NP खम\QT_QTF जानायनि\V_VM]]_NP [[मुङानो\N_NN]]_NP लायाखै\V_VM ।\RD_PUNC]]_VGF 
HAD2,[[गावसोरनि\PR_PRC दाबिफोरखौ\N_NN]]_NP [[लानानै\V_VM]]_NP [[लुनाय\V_VM खामानिखौ\N_NN]]_NP [[बन्दʼ\N_NN]]_NP [[खालामहोनो\V_VM थाखाय\PSP]]_VGINF [[आबादारि\N_NN आफादफोरनि\N_NN गेजेराव\N_NST]]_NP [[दावराव\N_NN [[दावसि\N_NN जादों\V_VM ।\RD_PUNC]]_VGF 
HAD3,[[रबिबाराव\N_NN [[मायचा\N_NNP गामियाव\N_NN]]_NP [[आबादारि\N_NN बिग्रायखां\N_NN आफादा\N_NN]]_NP [[पनसायत\N_NN लिंनानै\V_VM 25\QT_QTC अक्टबरनिफ्राय\N_NN]]_NP [[लुनाय\V_VM खामानिखौ\N_NN]]_NP [[बन्दʼ\N_NN]]_NP [[खालामनो\V_VM]]_VGINF [[थांखि\N_NN]]_NP [[लादों\V_VM ।\RD_PUNC]]_VGF 
HAD4,[[रेहाय\N_NN होनायनि\V_VM मुङाव\N_NN]]_NP [[खुंथाइ\N_NN]]_NP [[एबा\CC_CCD]]_CCP [[एडीएम\N_NNP [[एलए\N_NNP मावखुलिया\N_NN]]_NP [[से\QT_QTC -\RD_PUNC [[नै\QT_QTC कौटिसो\N_NN रां\N_NN गामिफोराव\N_NN]]_NP [[हरनानै\V_VM [[आबादारिफोरखौ\N_NN [[आवलायगासिनो\V_VM [[दं\V_VAUX ।\RD_PUNC]]_VGF 
HAD5,[[पनसायताव\N_NN आबादारिफोरा\N_NN]]_NP [[बुङो\V_VM]]_VGF [[दि\CC_CCS]]_BLK [[खुंथाया\N_NN आबादारिफोरनि\N_NN जेंनाफोरखौ\N_NN]]_NP [[लानानै\V_VM]]_VGNF [[गोथौवै\RB [[साना\V_VM ।\RD_PUNC]]_VGF 
HAD6,[[खुंथायनि\N_NN गेजेरजों\N_NST]]_NP [[25\QT_QTC सेप्तेमबरनि\N_NN [[सावरायनायाव\V_VM आबादारिफोरखौ\N_NN 15\QT_QTC अक्टबरसिम\N_NN]]_NP [[गासै\PR_PRI गामिफोराव\N_NN रेहाय\N_NN]]_BLK [[राननो\V_VM]]_VGINF [[बिथोन\N_NN [[होनाय\V_VM जादोंमोन\V_VM ।\RD_PUNC]]_VGF 
HAD7,[[पनसायताव\N_NN आबादारिफोरा\N_NN]]_NP [[थि\JJ खालामो\V_VM]]_VGF [[दि\CC_CCS]]_BLK [[25\QT_QTC अक्टबराव\N_NN]]_NP [[मोनथाम\QT_QTC मोनब्रैसो\QT_QTC]]_NP [[हान्जा\N_NN दानानै\V_VM]]_NP [[ग्रेटार\N_NNP [[नयदा\N_NNP वेस्टाव\N_NNP]]_NP [[लुनाय\V_VM खामानिखौ\V_VM]]_NP [[बन्दʼ\N_NN]]_NP [[खालामहोनाय\V_VM जागोन\V_VM ।\RD_PUNC]]_VGF 
HAD8,"[[``\RD_PUNC खुसेर\N_NNP ,\RD_PUNC]]_NP [[बादाम\N_NNP आरो\CC_CCD]]_CCP [[आलु\N_NNP]]_NP बायदि\PSP फसलफोराव\N_NN]]_NP जमा\N_NN जानानै\V_VM]]_VGNF [[बायग्रबहोग्रा\N_NN]]_NP [[गुफुर\JJ]]_JJP [[सुन्दि\N_NN]]_NP [[(\RD_PUNC हवाइट\RD_UNK ग्रब\RD_UNK )\RD_PUNC]]_NP [[जायखौ\PR_PRL]]_CCP गुफुर\JJ लट\RD_UNK]]_NP [[आरो\CC_CCD]]_CCP [[गुफुर\JJ गिलारनि\JJ]]_NP [[मुंजोंबो\N_NN]]_NP [[मिथियो\V_VM]]_VGF [[बेयो\DM_DMD]]_NP [[दा\N_NST]]_RBP [[फाहामजायालाबानो\V_VM]]_NP [[थालांबाय\V_VM ।\RD_PUNC ``\RD_PUNC]]_VGF "
HAD9,[[भारतारि\N_NNP आबाद\N_NN]]_NP [[नायबिजिरसंगिरि\V_VM]]_NP [[आफादनि\N_NN]]_NP [[(\RD_PUNC आईसीएआर\N_NNP )\RD_PUNC]]_NP [[हादरारि\N_NN आबाद\N_NN]]_NP [[बान्जायथाव\N_NN]]_NP [[एमफौ\N_NN एनला\RP_RPD]]_NP नायबिजिरगिरि\N_NN बिगियानगिरिफोरा\N_NN]]_NP [[ओरै\RB बादि\PSP आदब\N_NN]]_NP [[दिहुनबाय\V_VM]]_NP [[दि\CC_CCS]]_VGF [[जायनि\PR_PRL गेजेरजों\N_NST]]_NP [[बे\DM_DMD बेरामखौ\N_NN]]_NP [[जौसे\QT_QTC जौखोन्दो\N_NN फाहामनो\V_VM हानाय\V_VM]]_NP जाबाय\V_VM ।\RD_PUNC]]_VGF 
HAD10,[[बेनि\DM_DMD गेजेरजों\N_NST]]_NP [[थाफादेरनाय\N_NN]]_NP [[गुफुर\JJ एमफौफोरनि\N_NN गेजेरजों\N_NST]]_NP [[गुफुर\JJ एमफौफोरखौ\N_NN]]_NP [[फोजोबस्रांनो\V_VM हायो\V_VM ।\RD_PUNC]]_VGF 
HAD11,[[बिगियानिफोरा\N_NN [[आबादारिफोरनि\N_NN सुबिदानि\N_NN थाखाय\PSP]]_NP [[बे\DM_DMD आदबखौ\N_NN]]_NP [[पाउदारनि\N_NN महरावबो\N_NN]]_NP [[जौगाहोबाय\V_VM ।\RD_PUNC]]_VGF 
HAD12,"[[बेनि\DM_DMD गेजेरजों\N_NST]]_NP [[आबादथिलिनि\N_NN रानस्राव\JJ]]_JJP [[हा\N_NN ,\RD_PUNC]]_NP [[गोरान\N_NN हासार\N_NN ,\RD_PUNC]]_NP [[गोरान\JJ गोबोरखियाव\N_NN पावदारखौ\N_NN]]_NP [[गलायनानै\V_VM]]_VGNF [[फोनाय\V_VM समाव\N_NST]]_NP [[फुलिफोरजों\N_NN लोगोसे\RB]]_NP [[हायाव\N_NN]]_NP [[होफानाय\V_VM [[जायो\V_VM ।\RD_PUNC]]_VGF "
HAD13,[[हाजों\N_NN गोरोबनाय\V_VM]]_NP लोगो\N_NN लोगोनो\N_NN]]_NP [[पावदारनिफ्राय\N_NN]]_NP लोगो\N_NN जिउसाफोर\N_NN]]_NP [[जोनोम\N_NN जायो\V_VM]]_VGF [[आरो\CC_CCD]]_CCP [[बैफोर\DM_DMD गावनो\PR_PRC गाव\PR_PRC]]_NP [[गुफुर\JJ एमफौखौ\N_NN]]_NP [[नागिरनानै\V_VM]]_VGNF [[बुथारबाय\V_VM थायो\V_VM ।\RD_PUNC]]_VGF 
HAD14,[[गुबै\RB बाथ्राया\N_NN]]_NP [[जादों\V_VM]]_VGF [[बे\DM_DMD लोगो\N_NN]]_NP [[एम्फौवा\N_NN]]_NP [[खानस्रिफोरखौ\N_NN जाया\V_VM ।\RD_PUNC]]_NEGP 
HAD15,[[बेनिफ्राय\DM_DMD हानि\N_NN रजहोनो\V_VM हानाय\V_VM [[गोहोनि\N_NN सायाव\N_NST]]_NP [[जेबो\CC_CCD गोहोम\N_NN]]_NP गोग्लैया\V_VM ।\RD_PUNC]]_NEGP 
HAD16,[[बेजों\DM_DMD]]_NP खालि\QT_QTF [[खुसेरलʼ\N_NNP नङा\V_VM थामहिनबा\CC_CCD]]_CCP [[बादाम\N_NNP]]_NP [[आरो\CC_CCD]]_CCP [[आलु\N_NNP]]_NP बायदि\PSP बायदि\PSP फसलफोरखौबो\N_NN]]_NP [[रैखा\V_VM खालामनो\V_VM]]_VGINF [[हानाय\V_VM]]_NP जागोन\V_VM ।\RD_PUNC]]_VGF 
HAD17,[[बोथोर\N_NN गाज्रिनि\JJ थाखाय\PSP]]_VGINF [[खारिफ\N_NN बोथोराव\N_NN]]_NP [[माइनि\N_NN दिहुनथाया\V_VM]]_NP [[खमायलाङो\V_VM जाउनाव\N_NN]]_NP [[सरकारि\N_NN बायनायाव\V_VM]]_NP [[गोहोम\N_NN खोख्लैनाय\V_VM]]_NP [[नुनो\V_VM मोनो\V_VM ।\RD_PUNC]]_VGF 
HAD18,[[माइ\N_NN बायनायखौ\V_VM]]_NP [[जागायनाया\V_VM]]_NP [[थाम\QT_QTC सप्ताह\N_NN [[बारलांबाय\V_VM ।\RD_PUNC]]_VGF 
HAD19,[[दासिम\N_NST [[गासै\PR_PRI 65\QT_QTC लाख\N_NN]]_NP [[टन\N_NN]]_NP [[माइ\N_NN [[बायनाय\V_VM [[जाबाय\V_VM ।\RD_PUNC]]_VGF 
HAD20,[[बोहैथि\N_NN सम\N_NST]]_NP [[थामहिनबा\CC_CCD]]_CCP [[अक्टरनिफ्राय\N_NN सिगां\N_NST बोसोर\N_NN]]_NP सेप्तेम्बरसिमनि\N_NN थाखाय\PSP]]_NP 2\QT_QTC .\RD_PUNC]]_NP 40\QT_QTC कौटि\N_NN माइरं\N_NN]]_NP [[बायनायनि\V_VM]]_NP [[(\RD_PUNC 4\QT_QTC .\RD_PUNC 1\QT_QTC कौटि\N_NN टन\N_NN]]_NP माइ\N_NN )\RD_PUNC]]_NP [[थांखि\N_NN]]_NP [[दं\V_VAUX ।\RD_PUNC]]_VGF 
HAD21,[[पान्जाब\N_NNP]]_NP [[आरो\CC_CCD]]_CCP [[हारियानानि\N_NNP हाथायफोराव\N_NN]]_NP [[गोबां\QT_QTF]]_JJP [[माइ\N_NN]]_NP [[सफैनायनि\V_VM सम\N_NST]]_NP [[नाथाय\CC_CCD]]_CCP [[नांगौसेबां\QT_QTF बिबांनि\QT_QTF]]_JJP [[माइ\N_NN]]_NP [[सफैयाखै\V_VM ।\RD_PUNC]]_VGF 
HAD22,[[पानजाब\N_NNP]]_NP [[आरो\CC_CCD]]_CCP [[हारियानायाव\N_NN माइ\N_NN फाननाय\V_VM बायनाया\V_VM]]_NP [[बयनिख्रुइबो\PR_PRI सिगांसिन\N_NST]]_NP [[जायो\V_VM ।\RD_PUNC]]_VGF 
HAD23,[[नाथाय\CC_CCD]]_CCP [[बारलांनाय\V_VM [[मौसुमि\N_NN बोथोराव\N_NN]]_NP [[गंनै\QT_QTO रायजोआ\N_NN]]_NP [[रानस्रावै\RB थायो\V_VM ।\RD_PUNC]]_VGF 
HAD24,[[बेनि\DM_DMD गोहोमखौ\N_NN]]_NP [[माइनि\N_NN दिहुन्थायाव\V_VM]]_NP [[गोग्लैनाय\V_VM]]_NP [[नुनो\V_VM मोनो\V_VM ।\RD_PUNC]]_VGF 
HAD25,[[बेफोर\DM_DMD उलथा\JJ [[थासारिफोर\N_NN थासेयावबो\V_VM आदार\N_NN]]_NP मन्त्रालयनि\N_NN [[बायनाय\V_VM थांखिखौ\N_NN]]_NP [[आरो\CC_CCD]]_CCP [[बारायना\V_VM [[होबावबाय\V_VM ।\RD_PUNC]]_VGF 
HAD26,[[आबाद\N_NN दाहारा\N_NN]]_NP [[लान्थ्रियै\RB बारायनायाव\V_VM]]_NP [[सरकारा\N_NN]]_NP [[गावनि\PR_PRC बिबानखौ\N_NN]]_NP [[जोबोर\RP_INTF गिलिर\JJ मोन्दों\V_VM]]_VGF [[नाथाय\CC_CCD]]_CCP [[बेनि\DM_DMD]]_NP [[मोगथां\N_NN महरा\N_NN]]_NP [[जोबोर\RP_INTF जिंगा\N_NN गोनां\JJ ।\RD_PUNC]]_NP 
HAD27,[[आबादनि\N_NN मुङाव\N_NN]]_NP [[होनो\V_VM गोनां\JJ दाहारनि\N_NN]]_NP [[94\QT_QTC जौखोन्दो\N_NN बाहागोआ\N_NN]]_NP [[गेदेर\JJ हाल\N_NN]]_NP गोनांलʼ\JJ थानाय\V_VM]]_NP [[आबादारिफोरनि\N_NN बाहागोआव\N_NN]]_NP [[थाङो\V_VM ।\RD_PUNC]]_VGF 
HAD28,[[सरकारा\N_NN]]_NP [[नारसिनसेयावबो\V_VM]]_NP [[फिसा\JJ]]_JJP [[आरो\CC_CCD]]_CCP [[नेहाद\JJ [[आबादारिफोरा\N_NN [[बेंकनि\N_NN दाहारखौ\N_NN]]_NP [[सुखनो\V_VM]]_NP [[थियारि\V_VM [[नङा\V_VM ।\RD_PUNC]]_NEGP 
HAD29,[[हादरारि\N_NN नमुना\N_NN]]_NP [[नायबिजिरसंनि\N_NN]]_NP [[(\RD_PUNC एनएसएस\N_NNP )\RD_PUNC बादियै\PSP]]_NP [[हादराव\N_NN]]_NP [[80\QT_QTC जौखोन्दो\N_NN]]_NP [[फिसा\JJ]]_NP [[आरो\CC_CCD]]_CCP [[नेहाद\JJ [[आबादारिफोर\N_NN [[दं\V_VAUX ।\RD_PUNC]]_VGF 
HAD30,[[रांखान्थि\N_NN मन्थ्रि\N_NN]]_NP [[आफादनि\N_NN]]_NP [[बे\DM_DMD]]_NP रेकर्दनि\RD_UNK बादियै\PSP]]_RBP [[बेंकिंनि\N_NN दाहाराव\N_NN]]_NP [[बेनि\DM_DMD]]_NP बाहागोआरिया\N_NN द\QT_QTC जौखोन्दोसोलʼ\N_NN ।\RD_PUNC]]_VGF 
HAD31,[[बावैसो\N_NST बोसोराव\N_NN [[बेंकफोरनि\N_NN सायाव\N_NST]]_NP [[नारसिननाय\V_VM जायो\V_VM]]_VGF [[दि\PSP]]_BLK [[बिसोरो\PR_PRP]]_NP [[बांसिनै\QT_QTF]]_RBP [[फिसा\JJ आरो\CC_CCD]]_CCP [[नेहाद\JJ [[आबादारिफोरनि\N_NN सानरिखि\N_NN]]_NP [[खुलियो\V_VM ।\RD_PUNC]]_VGF 
HAD32,[[2011\N_NNP -\RD_PUNC [[12\QT_QTC मायथायाव\N_NN]]_NP [[आबाद\N_NN खोन्दोनि\N_NN थाखाय\PSP]]_NP [[गासै\PR_PRI 6\QT_QTC .\RD_PUNC]]_NP [[35\QT_QTC कौटि\N_NN]]_NP [[सानरिखि\N_NN]]_NP [[खुलियो\V_VM ।\RD_PUNC]]_VGF 
HAD33,[[बेयाव\DM_DMD]]_RBP [[62\QT_QTC जौखोन्दोनिख्रुइ\N_NN]]_NP [[बांसिन\QT_QTF]]_JJP [[बोहागोआ\N_NN]]_NP [[फिसा\JJ]]_JJP [[आरो\CC_CCD]]_CCP [[नेहाद\JJ [[आबादारिफोरनिमोन\N_NN ।\RD_PUNC]]_VGF 
HAD34,[[``\RD_PUNC बेंकफोरा\N_NN]]_NP [[गासै\PR_PRI दिहुनना\V_VM]]_NP होनाय\V_VM लननि\N_NN]]_NP [[18\QT_QTC जौखोन्दो\N_NN]]_NP [[आबाद\N_NN खोन्दोआव\N_NN]]_NP [[होनो\V_VM गोनां\JJ [[जायो\V_VM ।\RD_PUNC]]_VGF [[``\RD_PUNC]]_VGF 
HAD35,[[भारता\N_NNP सिगांनिफ्रायनो\N_NST]]_NP [[गंसे\QT_QTO आबाद\N_NN]]_NP [[गाहाइ\JJ हादर\N_NN ।\RD_PUNC]]_NP 
HAD36,[[आथिकालाव\N_NST [[आबादारि\N_NN खोन्दोआव\N_NN]]_NP केरियार\RD_UNK दानायनि\V_VM]]_NP [[गुबुन\JJ गुबुन\JJ गोबां\QT_QTF राहा\N_NN]]_NP [[दंसै\V_VM ।\RD_PUNC]]_VGF 
HAD37,[[हादरनाङैनो\N_NN]]_NP [[गोबां\QT_QTF आबाद\N_NN]]_NP [[मुलुग\N_NN सोलोंसालि\N_NN]]_NP [[दं\V_VAUX]]_VGF [[जेराव\N_NST]]_CCP [[ग्रेजुवेसन\N_NN]]_NP [[आरो\CC_CCD]]_CCP [[पस्ट\RD_UNK [[ग्रेजुवेसन\N_NN थाखोनि\N_NN]]_NP सोलोंथाइनि\N_NN राहा\N_NN]]_NP [[दं\V_VAUX ।\RD_PUNC]]_VGF 
HAD38,[[बेनि\DM_DMD अनगायैबो\RB]]_NP [[बिजिरसंनायनि\V_VM थाखायबो\PSP]]_NP [[साबसिन\JJ सुबिदाफोर\N_NN]]_NP [[दंसै\V_VM ।\RD_PUNC]]_VGF 
HAD39,"[[फिजिक्स\N_NN ,\RD_PUNC]]_NP [[केमेस्ट्रि\N_NN ,\RD_PUNC]]_NP [[मेथ्स\N_NN]]_NP [[आरो\CC_CCD]]_CCP [[बायलजिजों\N_NN]]_NP [[12\QT_QTC]]_NP थि\JJ उथ्रिनाय\V_VM फरायसाफोरा\N_NN]]_NP [[एग्रिकालसार\N_NN इनजिनियारिङाव\N_NN]]_NP [[मुं\N_NN]]_NP [[थिसननो\V_VM हायो\V_VM ।\RD_PUNC]]_VGF "
HAD40,"[[मुवा\N_NN]]_NP [[बिगियान\N_NN ,\RD_PUNC]]_NP [[रासायन\N_NN]]_NP [[बिगियान\N_NN]]_NP [[आरो\CC_CCD]]_CCP [[जिब\N_NN बिगियानजों\N_NN]]_NP [[12\QT_QTC]]_NP थि\JJ उथ्रिनाय\V_VM फरायसाफोरा\N_NN]]_NP [[सेरिकाल्साराव\N_NN]]_JJP [[थादेरनाय\V_VM फराफारिफोराव\N_NN]]_NP [[मुं\N_NN]]_NP [[थिसननो\V_VM हागौ\V_VM ।\RD_PUNC]]_VGF "
HAD41,[[हाग्राफोरनि\N_NN]]_NP [[बायदि\PSP [[बायदि\PSP बेरामफोरखौ\N_NN]]_NP [[फरायनाय\V_VM]]_NP [[आबाद\N_NN बिगियाननि\N_NN]]_NP [[जाय\PR_PRL]]_CCP दालाइ\N_NN बेखौ\DM_DMD]]_NP प्लान्ट\RD_UNK पेथलजि\RD_UNK]]_NP [[बुङो\V_VM ।\RD_PUNC]]_VGF 
HAD42,"[[प्लान्ट\RD_UNK पेथलजियाव\RD_UNK]]_NP बेक्टेरिया\N_NN ,\RD_PUNC]]_NP [[फांगास\RD_UNK ,\RD_PUNC]]_NP [[भाइरास\N_NN ,\RD_PUNC]]_NP [[माइक्रबस\N_NN]]_NP [[बायदिफोरनि\PSP सायाव\N_NST [[गोथौवै\RB बिजिरसंनाय\V_VM]]_NP [[जायो\V_VM ।\RD_PUNC]]_VGF "
HAD43,"[[दायरि\N_NN [[टेक्नलजिनि\RD_UNK जोहै\PSP]]_VGF [[नोंथाङा\PR_PRP]]_NP [[दायरि\N_NN इनजिनियारिं\RD_UNK ,\RD_PUNC]]_NP [[दायरि\N_NN केमिस्ट्री\RD_UNK]]_NP [[एबा\CC_CCD]]_CCP [[दायरि\N_NN बेक्टीरियालजियाव\N_NN]]_NP [[रोंखा\JJ -\RD_PUNC राखा\RD_ECH]]_NP [[जानो\V_VM हागोन\V_VM ।\RD_PUNC]]_VGF "
HAD44,[[मुलुग\N_NN आदार\N_NN]]_NP [[आफादनि\N_NN]]_NP [[गोरों\JJ गोराफोरा\N_NN]]_NP [[बुङो\V_VM]]_VGF [[दि\CC_CCS]]_BLK [[बुहुमाव\N_NN]]_NP [[गाहाइ\JJ आबादनि\N_NN बाख्रिया\N_NN]]_NP [[खमायलांगासिनो\V_VM दं\V_VAUX]]_VGF [[आरो\CC_CCD]]_CCP [[बेसेनफोरा\N_NN]]_NP [[बांलांगासिनो\V_VM दं\V_VAUX ।\RD_PUNC]]_VGF 
HAD45,[[फिसा\JJ आबादारिफोरा\N_NN]]_NP [[बेसेन\N_NN गोसा\JJ]]_JJP [[टेकनिकफोरनि\RD_UNK सायाव\N_NST]]_NP [[बांद्राय\QT_QTF सोनारनायनि\V_VM जाहोनाव\N_NN]]_NP [[बिसोरखौ\PR_PRP दाहार\N_NN गोनां\JJ]]_NP [[खालामो\V_VM]]_VGF [[आरो\CC_CCD]]_CCP [[बिसोरनि\PR_PRP हाफोरखौबो\N_NN [[सेखनो\V_VM हमो\V_VM ।\RD_PUNC]]_VGF 
HAD46,"[[बे\DM_DMD बादिनो\PSP हादराव\N_NN]]_NP [[जाय\PR_PRL]]_CCP नखरा\N_NN जानाय\V_VM [[आदार\N_NN दिहुननायनि\V_VM थाखाय\PSP]]_NP [[बांद्राय\QT_QTF मावो\V_VM ,\RD_PUNC]]_VGF [[बिसोर\PR_PRP]]_NP [[गावनो\PR_PRC गाव\PR_PRC]]_NP उखैजानाय\V_VM ,\RD_PUNC]]_NP [[लोरबां\JJ देहा\N_NN]]_NP [[आरो\CC_CCD]]_CCP [[रांखान्थियारि\N_NN खैफोदजों\N_NN]]_NP [[दुखु\JJ मोननाङो\V_VM ।\RD_PUNC]]_VGF "
HAD47,"[[जानाय\V_VM आदार\N_NN]]_NP [[रैखाथिनि\N_NN थाखाय\PSP]]_NP [[बयनिख्रुइ\PR_PRI सिगांसिनै\N_NST]]_RBP [[आबादारिफोरनि\N_NN]]_NP [[रैखाथिखौ\N_NN]]_NP [[गोनांथि\JJ]]_NP [[होनांगौ\V_VM ,\RD_PUNC]]_VGF [[मानोना\CC_CCS]]_CCP [[आथिखालावथʼ\N_NST आबादारिफोरासो\N_NN]]_NP [[खैफदाव\JJ]]_NP [[गोग्लैना\V_VM [[दं\V_VAUX ।\RD_PUNC]]_VGF "
HAD48,[[हा\N_NN गैजारोङै\V_VM]]_NP [[आबाद\N_NN]]_NP [[मावग्राफोरनोबो\N_NN]]_NP [[खमावबो\QT_QTF [[बिगानै\QT_QTO बिगाथाम\QT_QTO]]_NP [[हा\N_NN]]_NP [[होनानै\V_VM]]_NP [[फिसा\JJ आबादारिफोरनि\N_NN]]_NP सारियाव\N_NN लाबोनो\V_VM नांगौ\JJ ।\RD_PUNC]]_VGF 
HAD49,[[बे\DM_DMD बादिनो\PSP जानाय\V_VM आदारनि\N_NN]]_NP [[दिहुनथायाबो\V_VM बारायगोन\V_VM]]_NP [[आरो\CC_CCD]]_CCP [[गामिफोरनिफ्राय\N_NN उखैजानाय\V_VM]]_NP [[आरो\CC_CCD]]_CCP [[लोरबां\JJ नखरफोराबो\N_NN]]_JJP [[जोबलांगोन\V_VM ।\RD_PUNC]]_VGF 
HAD50,[[बिगियानिफोरनि\N_NN बादियैब्ला\PSP]]_NP [[गोदान\JJ टेकनलजिफोरनिफ्राय\RD_UNK]]_NP [[आबादारिफोरा\N_NN]]_NP गोबां\QT_QTF दिहुनथाइ\V_VM]]_NP [[दिहुननो\V_VM]]_NP [[आरो\CC_CCD]]_CCP [[बेनि\DM_DMD]]_NP बेसेन\QT_QTF गोसा\JJ]]_JJP [[मिथिंगायारि\N_NN सोदांथाइनि\V_VM]]_NP [[संरैखाथियाव\N_NN]]_NP [[हेफाजाब\N_NN [[मोनगोन\V_VM ।\RD_SYM]]_VGF 
HAD51,[[बिटि\N_NN खुन\N_NN]]_JJP [[बिरोंदामिना\N_NN]]_NP [[बेनि\DM_DMD बिदिन्थि\N_NN ।\RD_PUNC]]_NP 
HAD52,"[[ओरैहाय\RB]]_RBP [[जानाय\V_VM मुवाफोरनि\N_NN थाखाय\PSP]]_NP [[जि\QT_QTC एम\N_NN]]_NP टेकनलजिनि\RD_UNK सायाव\N_NST]]_NP [[दाबो\N_NST]]_NP [[गोबां\QT_QTF दान्थे\V_VM]]_NP [[बिदान्थे\V_VM]]_NP [[दं\V_VAUX ,\RD_PUNC]]_VGF [[जायनि\PR_PRL थाखाय\PSP]]_CCP [[गोथौ\JJ सावरायनायनि\V_VM]]_NP [[गोनांथि\JJ]]_NP [[दं\V_VAUX ।\RD_PUNC]]_VGF "
HAD53,"[[लोगोसे\RB]]_NP [[ओरै\RB बादि\PSP [[खान्थि\N_NN आजावनायनि\V_VM]]_NP [[गोनांथि\JJ]]_NP [[दं\V_VAUX ,\RD_PUNC]]_VGF [[जायजों\PR_PRL आदार\N_NN रैखाथिखौ\N_NN]]_NP [[गोजोर\N_NN [[खालामनो\V_VM हायो\V_VM ।\RD_PUNC]]_VGF "
HAD54,[[फोलेरारि\N_NN महर\N_NN]]_NP [[सोलायनाय\V_VM]]_NP [[थामहिनबा\CC_CCD]]_CCP [[जि\RD_UNK एम\RD_UNK]]_NP फसलफोरनि\N_NN सायाव\N_NST]]_NP [[फिन\N_NN]]_RBP [[सावरायनाय\V_VM]]_NP जादों\V_VM ।\RD_PUNC]]_VGF 
HAD55,"[[गोसोखां\V_VM ,\RD_PUNC]]_NP [[बेनि\DM_DMD सोमोन्दै\PSP]]_NP [[संसदारि\N_NN समितिया\N_NN सिगांनो\N_NST]]_NP [[गावनि\PR_PRC सान्दांथिफोरखौ\V_VM]]_NP [[सावरायखांबायमोन\V_VM ।\RD_PUNC]]_VGF "
HAD56,"[[नोजोर\N_NN होनो\V_VM गोनां\JJ ,\RD_PUNC]]_NP [[बिटि\N_NN फानथावजों\N_NN]]_NP सोमोन्दो\N_NN गोनां\JJ]]_NP [[दान्थे\V_VM]]_JJP [[बिदेन्थेयाव\V_VM]]_NP जेनेटिक\N_NN [[इनजिनियारिं\RD_UNK थाफानाय\V_VM]]_NP [[बिजिरथियाव\V_VM [[समितिनि\N_NN बिहोमानि\N_NN सायाव\N_NST]]_NP [[सन्दे\N_NN]]_NP [[जानो\V_VM हमदोंमोन\V_VM ।\RD_PUNC]]_VGF "
HAD57,[[जोबथारनायाव\V_VM]]_NP [[बेफोर\DM_DMD]]_NP गासै\PR_PRI जेंनाफोरा\N_NN]]_NP [[हाथाइ\N_NN]]_NP [[आरो\CC_CCD]]_CCP [[राजखान्थियारिनि\N_NN [[रांखान्थि\N_NN बिगियानजों\N_NN]]_NP [[थि\JJ जायो\V_VM ।\RD_PUNC]]_VGF 
HAD58,"[[बेयाव\DM_DMD बेखौबो\DM_DMD]]_NP [[गोसोआव\N_NN]]_NP लाखिनांगोन\V_VM ,\RD_PUNC]]_NP [[रासायनारि\N_NN हाग्रा\N_NN]]_NP [[आरो\CC_CCD]]_CCP [[एमफौ\N_NN]]_NP [[एनला\N_NN बुथारग्रा\N_NN मुलिफोर\N_NN]]_NP [[बाहायनाया\V_VM]]_NP [[बांनायनि\V_VM थाखाय\PSP]]_NP [[आबाद\N_NN मावनाया\V_VM]]_NP [[सिंगानिख्रुइ\N_NST]]_NP [[गाज्रि\JJ]]_JJP जालांबाय\V_VM ।\RD_PUNC]]_JJP"
HAD59,[[बेखौ\DM_DMD लुबैनाया\V_VM]]_NP [[बिथा\N_NN [[गैयै\V_VM नङा\V_VM]]_NEGP [[दि\CC_CCS]]_BLK [[आबादारिफोरा\N_NN]]_NP [[गावसोरनि\PR_PRC [[थाखानाय\V_VM गियानखौ\N_NN]]_NP [[लानानै\V_VM]]_VGNF [[आखाय\N_NN [[हेबना\V_VM थाबाय\V_VM थागोन\V_VM]]_VGF [[आरो\CC_CCD]]_CCP [[उनाव\N_NST]]_NP [[जाहाथे\PSP [[बेगर\N_NN फानग्रा\N_NN]]_NP [[कम्पनिफोरनि\N_NN सार्थ\N_NN]]_NP [[आरो\CC_CCD]]_CCP [[फावफान्दायनायजों\V_VM [[फिदिंजाया\V_VM ।\RD_PUNC]]_VGF 
HAD60,[[हादरनि\N_NN]]_NP [[बा\QT_QTC कौटि\N_NN]]_NP [[खुसेर\N_NNP दिहुनग्रा\N_NN आबादारि\N_NN]]_NP [[मिरुआ\N_NN सरकारनि\N_NN बेराम\N_NN गोनां\JJ खुसेरनि\N_NN]]_NP [[बेसेन\N_NN]]_NP [[आरो\CC_CCD]]_CCP [[सिनि\N_NN बिथांखिनि\N_NN थाखाय\PSP]]_NP [[खैफोदाव\JJ [[गोग्लैनाङो\V_VM ।\RD_PUNC]]_VGF 
HAD61,[[खुसेरनि\N_NNP बेसेनखौ\N_NN]]_NP [[थि\JJ खालामनाय\V_VM समाव\N_NST]]_NP [[मिरु\N_NN]]_NP [[आरो\CC_CCD]]_CCP [[राय्जो\N_NN सरकारफोरा\N_NN]]_NP [[दाजानाय\V_VM सुगार\RD_UNK]]_VGNN [[लबिनि\N_NN]]_NEGP [[नारसिनथायाव\V_VM थायो\V_VM ।\RD_PUNC]]_VGF 
HAD62,[[सिनिनि\N_NN बेसेननि\N_NN सायाव\N_NST]]_NP [[सोनारनासो\V_VM बेसेनखौ\N_NN]]_NP [[थि\JJ खालामनाय\V_VM जायो\V_VM ।\RD_PUNC]]_VGF 
HAD63,[[मोनफ्रोम\PR_PRI कुइन्टल\N_NN]]_NP [[सिनि\N_NN दिहुनथाइनि\V_VM बेसेना\N_NN]]_VGF जेसेबां\QT_QTF सिनि\N_NN मोनो\V_VM]]_NP [[बेखौनो\DM_DMD [[थार\JJ मान\N_NN महरै\PSP]]_NP [[लानाय\V_VM जायो\V_VM ।\RD_PUNC]]_VGF 
HAD64,[[बे\DM_DMD अन्जिमाखौ\N_NN]]_NP बिजिरनो\V_VM थाखाय\PSP]]_NP [[जेबो\CC_CCD [[उदां\N_NN एजेन्सि\RD_UNK]]_NP [[गैया\V_VM ।\RD_PUNC]]_NEGP 
HAD65,[[मिरु\N_NN सरकारा\N_NN]]_NP [[खुसेरनि\N_NN सायाव\N_NST]]_NP [[गोरोन्थि\N_NN]]_NP बेसेन\N_NN फोनांनायनि\V_VM थाखाय\PSP]]_VGINF [[बोसोरब्रैफ्राम\QT_QTO थादʼनायनि\V_VM उनाव\N_NST]]_NP [[खुसेर\N_NNP]]_NP [[आरो\CC_CCD]]_CCP [[सिनि\N_NN दिहुनथाया\V_VM [[दावखोलाय\V_VM [[दावख्लायलाय\V_VM [[जागासिनो\V_VM थायो\V_VM ।\RD_PUNC]]_VGF 
HAD66,"[[मिरु\N_NN सरकारा\N_NN]]_NP [[2009\N_NNP -\RD_PUNC [[10\QT_QTC मायथायाव\N_NN]]_NP [[भारतारि\N_NNP खुसेर\N_NNP सामलाय\V_VM]]_CCP एक्ट\N_NN ,\RD_PUNC]]_NP [[1966\N_NNP मायथायाव\N_NN]]_NP [[फोसाबनानै\V_VM]]_NP [[खुसेर\N_NNP]]_NP [[बेसेन\N_NN हमथानाय\V_VM]]_NP अरदिनेन्स\RD_UNK ,\RD_PUNC]]_NP [[2009\N_NNP मायथायाव\N_NN]]_NP [[जारि\N_NN]]_NP [[खालामदोंमोन\V_VM ।\RD_PUNC]]_VGF "
HAD67,[[बे\DM_DMD खान्थियाव\N_NN]]_NP [[(\RD_PUNC अध्यादेश\RD_UNK )\RD_PUNC]]_NP [[मोनथाम\QT_QTO]]_NP [[(\RD_PUNC बि\RD_UNK )\RD_PUNC]]_NP [[आरो\CC_CCD]]_CCP [[मोनबा\QT_QTC]]_NP [[(\RD_PUNC ए\RD_UNK )\RD_PUNC खौ\PSP]]_FRAGP [[बोखारना\V_VM [[होनाय\V_VM जादोंमोन\V_VM ।\RD_PUNC]]_VGF 
HAD68,[[मोन्थाम\QT_QTO]]_NP [[(\RD_PUNC बि\RD_UNK )\RD_PUNC आव\PSP]]_FRAGP [[रायजोफोरा\N_NN]]_NP [[खुसेरनि\N_NN बेसेनखौ\N_NN]]_NP [[थि\JJ खालामनायनि\V_VM मोन्थाइ\N_NN]]_NP [[दंमोन\V_VM ।\RD_PUNC]]_VGF 
HAD69,[[मोगथाङाव\N_NN खुसेर\N_NNP]]_NP [[दिहुननाय\V_VM]]_VGNF [[खरसाया\N_NN]]_NP [[बांलांगासिनो\V_VM दं\V_VAUX ।\RD_PUNC]]_VGF 
HAD70,[[मिरु\N_NN सरकारा\N_NN]]_NP [[सिनि\N_NN मिल\N_NN [[लाबिनि\N_NN [[नारसिननायाव\V_VM [[रंगराजन\N_NNP समितिनि\N_NN]]_NP सिनि\N_NN उद्यगखौ\N_NN सामलायजानायनिफ्राय\V_VM]]_NP [[उदां\N_NST खालामनायनि\V_VM]]_NP [[गनायथि\V_VM]]_NP [[होनो\V_VM नागिरदों\V_VM ।\RD_PUNC]]_VGF 
HAD71,[[गाज्रि\JJ थासारिया\N_NN]]_NP [[बेनो\DM_DMD]]_NP [[दि\CC_CCS]]_BLK [[दा\N_NST]]_RBP बिजिरसालिया\N_NN [[आबादारिफोरनि\N_NN दिहुनथाइफोरनि\N_NN भाबखौ\N_NN]]_NP [[थि\JJ खालामनो\V_VM नागिरदों\V_VM ।\RD_PUNC]]_VGF 
HAD72,"[[मा\PR_PRQ]]_NP बे\DM_DMD बादि\PSP ,\RD_PUNC]]_NP [[लहा\N_NN ,\RD_PUNC]]_NP [[सिमेन्ट\N_NN]]_NP [[आरो\CC_CCD]]_CCP [[गुबुन\JJ उद्यगारि\N_NN]]_NP दिहुनथाइफोरनि\V_VM बेसेना\N_NN]]_NP [[थि\JJ बेसेनाव\N_NN]]_NP जायो\V_VM ?\RD_PUNC]]_VGF "
HAD73,[[मिथिंगायारि\N_NN खैफोदफोरखौ\N_NN]]_NP [[रावबो\PR_PRI [[होबथानो\V_VM हाया\V_VM]]_VGF [[नाथाय\CC_CCD]]_CCP [[बे\DM_DMD बादि\PSP]]_NP [[खैफोदफोराथʼ\N_NN]]_NP आबादारिफोरनि\N_NN थाखाय\PSP]]_VGINF [[थैनायनिख्रुइ\N_NN [[गिथावसिन\JJ [[जायो\V_VM ।\RD_PUNC]]_VGF 
HAD74,[[आबुङै\RB [[मिथिंगानि\N_NN बान्जायनायनि\V_VM सायाव\N_NST]]_NP [[सोनारग्रा\V_VM आबादारिफोरनि\N_NN]]_NEGP खामानिनि\N_NN रैखाथिनि\N_NN सायाव\N_NST]]_NP [[हादराव\N_NN]]_NP गोथौवै\RB साननायानो\V_VM]]_NP [[जायाखै\V_VM ।\RD_PUNC]]_NEGP 
HAD75,"[[फसल\N_NN बिमानि\N_NN]]_NP [[खायसे\DM_DMI बिथांखिफोर\N_NN]]_NP [[खालामनाय\V_VM जाबाय\V_VM ,\RD_PUNC]]_NP [[बेखौ\DM_DMD]]_NP [[फोसावनाय\V_VM जाबाय\V_VM ,\RD_PUNC]]_VGF [[नाथाय\CC_CCD]]_CCP [[आबादारिफोरा\N_NN [[मोगथाङाव\N_NN [[थगायजाबाय\V_VM थाबाय\V_VM ।\RD_PUNC]]_VGF "
HAD76,[[दाहारखौ\N_NN सुखुफिन्नाय\V_VM]]_NP [[आरो\CC_CCD]]_CCP [[रांखान्थियारि\N_NN फसंथानफोरनि\N_NN]]_NP [[जोहै\PSP दोनथुमनायाबो\V_VM]]_NP [[जोबोर\RP_INTF एसेलʼ\QT_QTF]]_JJP [[जागासिनो\V_VM दं\V_VAUX ।\RD_PUNC]]_VGF 
HAD77,[[बेनि\DM_DMD जावनाव\N_NN [[आबादारिफोरनि\N_NN बीमानि\N_NN [[जेंनायाव\JJ सरकारनि\N_NN]]_NP [[खामानि\N_NN]]_NP दामानिफोरा\N_NN मेगनाव\N_NN नाङै\V_VM ।\RD_PUNC]]_VGF 
HAD78,[[1947\N_NNP]]_NP [[आव\PSP]]_NP [[डा.\RD_UNK राजेन्द्र\N_NNP प्रसादनि\N_NNP [[जोहै\PSP [[मिरुवारि\N_NN [[बिधानाव\N_NN [[फसल\N_NN बीमानि\N_NN सायाव\N_NST]]_NP [[हादरनाङै\N_NN दैखांनाय\V_VM जुक्तिनि\N_NN]]_NP [[गोनांथिखौ\JJ]]_JJP [[मुंखदोंमोन\V_VM ।\RD_PUNC]]_VGF 
HAD79,"[[बेयाव\DM_DMD [[आबाद\N_NN ,\RD_PUNC]]_NP [[गेहु\N_NNP ,\RD_PUNC]]_NP [[दालि\N_NNP ,\RD_PUNC]]_NP [[थाव\N_NN]]_NP [[आरो\CC_CCD]]_CCP [[फालांगियारि\N_NN फसलफोरखौथ\N_NN [[सोफादेरनाय\V_VM [[जायो\V_VM ,\RD_PUNC]]_VGF [[दाहार\N_NN लायि\V_VM]]_NP [[आबादारिफोरखौबो\N_NN]]_NP [[बेनि\DM_DMD]]_NP दायरियाव\N_NN [[सोफादेरनाय\V_VM [[जायो\V_VM ।\RD_PUNC]]_VGF "
HAD80,"[[बेयाव\DM_DMD [[आबाद\N_NN ,\RD_PUNC]]_NP [[गेहु\N_NNP ,\RD_PUNC]]_NP [[दालि\N_NNP ,\RD_PUNC]]_NP [[थाव\N_NN]]_NP [[आरो\CC_CCD]]_CCP [[फालांगियारि\N_NN फसलफोरखौथʼ\N_NN [[सोफादेरनाय\V_VM [[जायो\V_VM ,\RD_PUNC]]_VGF [[दाहार\N_NN लायि\V_VM]]_NP [[आबादारिफोरखौबो\N_NN]]_NP [[बेनि\DM_DMD]]_NP दायरियाव\N_NN [[सोफादेरनाय\V_VM [[जायो\V_VM ।\RD_PUNC]]_VGF "
HAD81,[[दासिमबो\N_NST फसल\N_NN]]_NP खहा\N_NN जानायनि\V_VM]]_NP [[मान\N_NN गोनां\JJ खारिथि\N_NN]]_NP [[जेबो\CC_CCD थि\JJ जायाखै\V_VM ।\RD_PUNC]]_NEGP 
HAD82,[[ओरैनोबाबो\CC_CCD [[जोंनि\N_NNP आबादारिफोरनि\N_NN गेजेराव\N_NST]]_JJP [[लेखा\N_NN रोङैनि\V_VM जौखोन्दोआ\N_NN]]_NP [[बांसिन\QT_QTF]]_JJP [[आरो\CC_CCD]]_CCP [[सांग्रांथिनिबो\JJ आंखाल\N_NN]]_NP [[दं\V_VAUX ।\RD_PUNC]]_VGF 
HAD83,[[25\QT_QTC लाखसो\N_NN आबादारिफोरनि\N_NN]]_NP [[हालेवनाय\V_VM]]_NP [[हानि\N_NN अरथाया\V_VM]]_NP [[से\QT_QTC हेक्टरनिख्रुइबो\N_NN [[खमसिन\QT_QTF [[जायो\V_VM ।\RD_PUNC]]_VGF 
HAD84,[[बे\DM_DMD मानसिफोरा\N_NN]]_NP [[जानोहागौ\V_VM [[गासैबो\PR_PRI दिहुनथाइनि\V_VM]]_NP [[नै\QT_QTC जौखोन्दोनि\N_NN समान\JJ समान\JJ]]_JJP [[प्रिमियाम\RD_UNK]]_NP होनो\V_VM हाहैया\V_VM ।\RD_PUNC]]_VGF 
HAD85,[[मोजां\JJ लामा\N_NN]]_NP गैयि\V_VM खान्थियाव\N_NN]]_VGF [[गोदोनानै\V_VM थानाय\V_VM]]_NP [[आबादारिफोरनि\N_NN]]_NP [[गोदान\JJ फोरमान\V_VM]]_NP [[आबाद\N_NN]]_NP [[सुबुं\N_NN सानखो\N_NN 2010\N_NNP -\RD_PUNC 11\QT_QTC आव\PSP]]_NP [[नुजाथियो\V_VM ।\RD_PUNC]]_VGF 
HAD86,[[फिसा\JJ हालफोरखौ\N_NN]]_NP [[बांसिन\QT_QTF]]_JJP [[आबादारिफोरा\N_NN]]_JJP [[माइ\N_NN हारिनि\N_NN]]_NP [[आबाद\N_NN]]_NP [[मावनायावलʼ\V_VM]]_NP [[बाहायो\V_VM]]_VGF [[नाथाय\CC_CCD]]_CCP [[मुलाम्फा\N_NN गोनां\JJ आबादफोरखौ\N_NN]]_NP नङा\V_VM थामहिनबा\CC_CCD]]_CCP [[फालांगियारि\N_NN फसलफोरनि\N_NN [[आबादजोंसो\N_NN [[जायो\V_VM ।\RD_PUNC]]_VGF 
HAD87,"[[जों\PR_PRP]]_NP [[एसेबां\QT_QTF आबाद\N_NN]]_NP [[मावो\V_VM ,\RD_PUNC]]_NP [[ओरैनो\RB गाज्रि\JJ जालांगासिनो\V_VM]]_NP [[दं\V_VAUX]]_VGF [[नाथाय\CC_CCD]]_CCP [[दालि\N_NNP]]_NP [[आरो\CC_CCD]]_CCP [[पाम\N_NN अवेलखौ\N_NN]]_NP [[गुबुन\JJ हादरनिफ्राय\N_NN]]_NP [[लाबोयो\V_VM ।\RD_PUNC]]_VGF "
HAD88,[[बुहुमाव\N_NN]]_NP [[जौगानाय\V_VM हादरफोराव\N_NN]]_NP [[आबाद\N_NN [[मावनायनि\V_VM महरा\N_NN]]_NP [[गेदेर\JJ]]_JJP [[आरो\CC_CCD]]_CCP [[आबादजों\N_NN जिउ\N_NN दैदेनग्रानि\N_NN]]_NP मानसिफोरनि\N_NN अनजिमाया\N_NN]]_NP [[खम\QT_QTF जायो\V_VM ।\RD_PUNC]]_VGF 
HAD89,[[आबाद\N_NN खोन्दोआव\N_NN]]_NP [[फारियै\RB [[खहा\N_NN जाबाय\V_VM थानायनि\V_VM]]_NP [[बेखौ\DM_DMD]]_NP [[होबथायैनि\V_VM]]_NP [[मोननै\QT_QTO जाहोन\N_NN]]_NP [[दं\V_VAUX ।\RD_PUNC]]_VGF 
HAD90,"[[गिबियाव\N_NST ,\RD_PUNC]]_NP [[भारताव\N_NNP हाया\V_VM]]_NP [[बिफानिफ्राय\N_NN]]_NEGP [[फिसाजल्फोरनिसिम\N_NN]]_NP [[बारस्लायो\V_VM]]_NP [[आरो\CC_CCD]]_CCP [[बांनाय\QT_QTF [[सुबुं\N_NN अनजिमानि\N_NN थाखाय\PSP]]_NP [[आबाद\N_NN मावग्रा\N_NN]]_NP [[हानि\N_NN महरा\N_NN]]_NP [[गावनो\PR_PRC गाव\PR_PRC]]_NP [[खलामायलांगासिनो\V_VM]]_NP [[दं\V_VAUX ।\RD_PUNC]]_VGF "
HAD91,[[नैथियाव\QT_QTO]]_NP [[आरो\CC_CCD]]_CCP [[देरसिन\JJ जाहोना\N_NN]]_NP [[जाबाय\V_VM [[जोंनि\PR_PRP सरकारा\N_NN]]_NP [[आबादजों\N_NN]]_NP [[लोबबा\N_NN गोनां\JJ]]_JJP [[गामियारिफोरखौ\N_NN रांखान्थिनि\N_NN]]_NP गुबुन\JJ खोन्दोफोराव\N_NN]]_NP [[खामानि\N_NN]]_NP [[थिसनना\V_VM होदों\DM_DMI ।\RD_PUNC]]_VGF 
HAD92,[[जोंनि\PR_PRP हादरनि\N_NN]]_NP [[गोबां\QT_QTF [[सुबुं\N_NN फुंखाया\N_NN]]_NP [[गामि\N_NN [[ओनसोलफोराव\N_NN उन\N_NST]]_NP [[जागासिनो\V_VM दं\V_VAUX]]_VGF [[मानोना\CC_CCS]]_CCP [[सरकारनाव\N_NN गोग्लैसोनाय\V_VM]]_NP [[आबाद\N_NN]]_NP [[खोन्दोखौ\N_NN]]_NP [[हमथानायनि\V_VM]]_NP [[जेबो\CC_CCD]]_NEGP [[बिथांखि\N_NN]]_NP [[गैया\V_VM ।\RD_PUNC]]_NEGP 
HAD93,"[[हादरिनि\N_NN आबादारिफोरा\N_NN]]_NP [[मोनसे\QT_QTO एरै\RB बादि\PSP बेरामनि\N_NN]]_NP बिगोमा\N_NN ,\RD_PUNC]]_VGF [[जायनि\PR_PRL]]_CCP गारायाव\N_NN मलम\N_NN]]_NP [[लगायग्रा\N_NN]]_NP [[सरकारा\N_NN]]_NP [[गावनि\PR_PRC खान्थिफोरनि\N_NN जोहै\PSP]]_NP [[गावनो\PR_PRC गाव\PR_PRC]]_NP [[जखम\N_NN]]_NP [[खालामगासिनो\V_VM ।\RD_PUNC]]_VGF "
HAD94,"[[थांनाय\V_VM सानफोराव\N_NN]]_NP [[जेब्ला\N_NST]]_RBP हादरनाङैनो\N_NN दिपावालि\N_NN]]_NP [[फोरबोखौ\N_NN]]_NP [[फालिनायाव\V_VM]]_NP [[गोदोहाबना\V_VM [[दंमोन\V_VM ,\RD_PUNC]]_VGF [[अब्ला\N_NST हादरनि\N_NN]]_NP [[खमैबो\QT_QTF]]_NP मोनथाम\QT_QTO बाहागोफोराव\N_NN]]_NP [[आबादारिफोरा\N_NN]]_NP [[जिउ\N_NN]]_NP [[आरो\CC_CCD]]_CCP [[थैनायजों\V_VM [[फेरफाथिनांदोंमोन\V_VM ।\RD_PUNC]]_VGF "
HAD95,"[[बिदर्भ\N_NNP हादराव\N_NN]]_NP [[आबादारिफोरा\N_NN]]_NP [[गावखौ\PR_PRC]]_NP फोथैना\V_VM लानायनि\V_VM मिरु\N_NN]]_NP जाबाय\V_VM ,\RD_PUNC]]_VGF [[जेराव\N_NST]]_NP [[फारियै\RB माखासे\PR_PRI बोसोरनिफ्राय\N_NN]]_NP [[बेसेबांबा\QT_QTF आबादारिफोरा\N_NN]]_NP [[गावनि\PR_PRC]]_NP गोसो\N_NN बादि\PSP]]_NP [[मावगासिनो\V_VM दं\V_VAUX ।\RD_PUNC]]_VGF "
HAD96,"[[जेराव\N_NST]]_NP [[थोंजों\JJ आबादारिफोरनि\N_NN]]_VGNF [[हाफोरखौ\N_NN लानाय\V_VM जायाखै\V_VM ,\RD_PUNC]]_NP [[बैयावबो\DM_DMD आबादारिफोरनि\N_NN]]_NP [[खैफोदा\N_NN]]_NP [[साग्लोबफैयो\V_VM ।\RD_PUNC]]_VGF "
HAD97,[[सोमखोर\JJ जांख्रिथाइनि\N_NN]]_NP [[अगेन\JJ फिनजाथाया\JJ]]_NP [[दा\N_NST]]_RBP साखाथियाव\N_NN साफिगासिनो\V_VM]]_NP [[दं\V_VAUX ।\RD_PUNC]]_VGF 
HAD98,[[सानिफ्राय\N_NST बिहोथायखौ\N_NN]]_NP [[खम\QT_QTF खालामनो\V_VM थाखाय\PSP]]_VGINF [[गोसो\N_NN गोनां\JJ]]_NP [[आरो\CC_CCD]]_CCP [[उदां\N_NN फालांगिरिफोरनि\N_NN]]_NP [[रांखान्थियारि\N_NN]]_JJP [[फोसाबथाइफोरा\N_NN]]_NP [[आबादखौ\N_NN]]_VGNF [[थाबै\RB खमायहोनानै\V_VM]]_NP [[थांना\N_NN थानायनि\V_VM राहा\N_NN]]_NP [[खालामना\V_VM होबाय\V_VM ।\RD_PUNC]]_VGF 
HAD99,[[बेखायनो\CC_CCD]]_RBP [[खुसेरनि\N_NNP मोजांसिन\JJ बेसेननि\N_NN]]_JJP [[सोंथिया\N_NN]]_NP [[सोनाब\N_NN महाराष्ट्रनि\N_NNP]]_NP [[आबादारिफोरनि\N_NN थाखाय\PSP [[थैनाय\V_VM थांनायनि\V_VM]]_NP [[सोंथि\N_NN]]_NP [[जानानै\V_VM]]_VGNF [[फैबाय\V_VM ।\RD_PUNC]]_VGF 
HAD100,[[सरकारनि\N_NN बिबांनि\N_NN सायाव\N_NST]]_NP [[गोथौवै\RB]]_NP [[सानोब्ला\V_VM]]_VGNF [[1995\N_NNP निफ्राय\N_NN 2011\N_NNP बोसोरसिम\N_NN जोंनि\PR_PRP हादराव\N_NN]]_NP [[नै\QT_QTC लाख\N_NN 71\QT_QTC रोजासो\N_NN]]_JJP [[आबादारिफोरा\N_NN गाव\N_NST]]_NP गावसोरखौ\N_NST फोथैना\V_VM [[लाखांबायमोन\V_VM ।\RD_PUNC]]_VGF 